[
  {
    "name": "antimage",
    "localized_name": "Anti-Mage"
  },
  {
    "name": "axe",
    "localized_name": "Axe"
  },
  {
    "name": "bane",
    "localized_name": "Bane"
  },
  {
    "name": "bloodseeker",
    "localized_name": "Bloodseeker"
  },
  {
    "name": "crystal_maiden",
    "localized_name": "Crystal Maiden"
  },
  {
    "name": "drow_ranger",
    "localized_name": "Drow Ranger"
  },
  {
    "name": "earthshaker",
    "localized_name": "Earthshaker"
  },
  {
    "name": "juggernaut",
    "localized_name": "Juggernaut"
  },
  {
    "name": "mirana",
    "localized_name": "Mirana"
  },
  {
    "name": "morphling",
    "localized_name": "Morphling"
  },
  {
    "name": "nevermore",
    "localized_name": "Shadow Fiend"
  },
  {
    "name": "phantom_lancer",
    "localized_name": "Phantom Lancer"
  },
  {
    "name": "puck",
    "localized_name": "Puck"
  },
  {
    "name": "pudge",
    "localized_name": "Pudge"
  },
  {
    "name": "razor",
    "localized_name": "Razor"
  },
  {
    "name": "sand_king",
    "localized_name": "Sand King"
  },
  {
    "name": "storm_spirit",
    "localized_name": "Storm Spirit"
  },
  {
    "name": "sven",
    "localized_name": "Sven"
  },
  {
    "name": "tiny",
    "localized_name": "Tiny"
  },
  {
    "name": "vengefulspirit",
    "localized_name": "Vengeful Spirit"
  },
  {
    "name": "windrunner",
    "localized_name": "Windranger"
  },
  {
    "name": "zeus",
    "localized_name": "Zeus"
  },
  {
    "name": "kunkka",
    "localized_name": "Kunkka"
  },
  {
    "name": "lina",
    "localized_name": "Lina"
  },
  {
    "name": "lion",
    "localized_name": "Lion"
  },
  {
    "name": "shadow_shaman",
    "localized_name": "Shadow Shaman"
  },
  {
    "name": "slardar",
    "localized_name": "Slardar"
  },
  {
    "name": "tidehunter",
    "localized_name": "Tidehunter"
  },
  {
    "name": "witch_doctor",
    "localized_name": "Witch Doctor"
  },
  {
    "name": "lich",
    "localized_name": "Lich"
  },
  {
    "name": "riki",
    "localized_name": "Riki"
  },
  {
    "name": "enigma",
    "localized_name": "Enigma"
  },
  {
    "name": "tinker",
    "localized_name": "Tinker"
  },
  {
    "name": "sniper",
    "localized_name": "Sniper"
  },
  {
    "name": "necrolyte",
    "localized_name": "Necrophos"
  },
  {
    "name": "warlock",
    "localized_name": "Warlock"
  },
  {
    "name": "beastmaster",
    "localized_name": "Beastmaster"
  },
  {
    "name": "queenofpain",
    "localized_name": "Queen of Pain"
  },
  {
    "name": "venomancer",
    "localized_name": "Venomancer"
  },
  {
    "name": "faceless_void",
    "localized_name": "Faceless Void"
  },
  {
    "name": "skeleton_king",
    "localized_name": "Wraith King"
  },
  {
    "name": "death_prophet",
    "localized_name": "Death Prophet"
  },
  {
    "name": "phantom_assassin",
    "localized_name": "Phantom Assassin"
  },
  {
    "name": "pugna",
    "localized_name": "Pugna"
  },
  {
    "name": "templar_assassin",
    "localized_name": "Templar Assassin"
  },
  {
    "name": "viper",
    "localized_name": "Viper"
  },
  {
    "name": "luna",
    "localized_name": "Luna"
  },
  {
    "name": "dragon_knight",
    "localized_name": "Dragon Knight"
  },
  {
    "name": "dazzle",
    "localized_name": "Dazzle"
  },
  {
    "name": "rattletrap",
    "localized_name": "Clockwerk"
  },
  {
    "name": "leshrac",
    "localized_name": "Leshrac"
  },
  {
    "name": "furion",
    "localized_name": "Nature's Prophet"
  },
  {
    "name": "life_stealer",
    "localized_name": "Lifestealer"
  },
  {
    "name": "dark_seer",
    "localized_name": "Dark Seer"
  },
  {
    "name": "clinkz",
    "localized_name": "Clinkz"
  },
  {
    "name": "omniknight",
    "localized_name": "Omniknight"
  },
  {
    "name": "enchantress",
    "localized_name": "Enchantress"
  },
  {
    "name": "huskar",
    "localized_name": "Huskar"
  },
  {
    "name": "night_stalker",
    "localized_name": "Night Stalker"
  },
  {
    "name": "broodmother",
    "localized_name": "Broodmother"
  },
  {
    "name": "bounty_hunter",
    "localized_name": "Bounty Hunter"
  },
  {
    "name": "weaver",
    "localized_name": "Weaver"
  },
  {
    "name": "jakiro",
    "localized_name": "Jakiro"
  },
  {
    "name": "batrider",
    "localized_name": "Batrider"
  },
  {
    "name": "chen",
    "localized_name": "Chen"
  },
  {
    "name": "spectre",
    "localized_name": "Spectre"
  },
  {
    "name": "ancient_apparition",
    "localized_name": "Ancient Apparition"
  },
  {
    "name": "doom_bringer",
    "localized_name": "Doom"
  },
  {
    "name": "ursa",
    "localized_name": "Ursa"
  },
  {
    "name": "spirit_breaker",
    "localized_name": "Spirit Breaker"
  },
  {
    "name": "gyrocopter",
    "localized_name": "Gyrocopter"
  },
  {
    "name": "alchemist",
    "localized_name": "Alchemist"
  },
  {
    "name": "invoker",
    "localized_name": "Invoker"
  },
  {
    "name": "silencer",
    "localized_name": "Silencer"
  },
  {
    "name": "obsidian_destroyer",
    "localized_name": "Outworld Destroyer"
  },
  {
    "name": "lycan",
    "localized_name": "Lycan"
  },
  {
    "name": "brewmaster",
    "localized_name": "Brewmaster"
  },
  {
    "name": "shadow_demon",
    "localized_name": "Shadow Demon"
  },
  {
    "name": "lone_druid",
    "localized_name": "Lone Druid"
  },
  {
    "name": "chaos_knight",
    "localized_name": "Chaos Knight"
  },
  {
    "name": "meepo",
    "localized_name": "Meepo"
  },
  {
    "name": "treant",
    "localized_name": "Treant Protector"
  },
  {
    "name": "ogre_magi",
    "localized_name": "Ogre Magi"
  },
  {
    "name": "undying",
    "localized_name": "Undying"
  },
  {
    "name": "rubick",
    "localized_name": "Rubick"
  },
  {
    "name": "disruptor",
    "localized_name": "Disruptor"
  },
  {
    "name": "nyx_assassin",
    "localized_name": "Nyx Assassin"
  },
  {
    "name": "naga_siren",
    "localized_name": "Naga Siren"
  },
  {
    "name": "keeper_of_the_light",
    "localized_name": "Keeper of the Light"
  },
  {
    "name": "wisp",
    "localized_name": "Io"
  },
  {
    "name": "visage",
    "localized_name": "Visage"
  },
  {
    "name": "slark",
    "localized_name": "Slark"
  },
  {
    "name": "medusa",
    "localized_name": "Medusa"
  },
  {
    "name": "troll_warlord",
    "localized_name": "Troll Warlord"
  },
  {
    "name": "centaur",
    "localized_name": "Centaur Warrunner"
  },
  {
    "name": "magnataur",
    "localized_name": "Magnus"
  },
  {
    "name": "shredder",
    "localized_name": "Timbersaw"
  },
  {
    "name": "bristleback",
    "localized_name": "Bristleback"
  },
  {
    "name": "tusk",
    "localized_name": "Tusk"
  },
  {
    "name": "skywrath_mage",
    "localized_name": "Skywrath Mage"
  },
  {
    "name": "abaddon",
    "localized_name": "Abaddon"
  },
  {
    "name": "elder_titan",
    "localized_name": "Elder Titan"
  },
  {
    "name": "legion_commander",
    "localized_name": "Legion Commander"
  },
  {
    "name": "techies",
    "localized_name": "Techies"
  },
  {
    "name": "ember_spirit",
    "localized_name": "Ember Spirit"
  },
  {
    "name": "earth_spirit",
    "localized_name": "Earth Spirit"
  },
  {
    "name": "abyssal_underlord",
    "localized_name": "Underlord"
  },
  {
    "name": "terrorblade",
    "localized_name": "Terrorblade"
  },
  {
    "name": "phoenix",
    "localized_name": "Phoenix"
  },
  {
    "name": "oracle",
    "localized_name": "Oracle"
  },
  {
    "name": "winter_wyvern",
    "localized_name": "Winter Wyvern"
  },
  {
    "name": "arc_warden",
    "localized_name": "Arc Warden"
  },
  {
    "name": "monkey_king",
    "localized_name": "Monkey King"
  },
  {
    "name": "dark_willow",
    "localized_name": "Dark Willow"
  },
  {
    "name": "pangolier",
    "localized_name": "Pangolier"
  },
  {
    "name": "grimstroke",
    "localized_name": "Grimstroke"
  },
  {
    "name": "hoodwink",
    "localized_name": "Hoodwink"
  },
  {
    "name": "void_spirit",
    "localized_name": "Void Spirit"
  },
  {
    "name": "snapfire",
    "localized_name": "Snapfire"
  },
  {
    "name": "mars",
    "localized_name": "Mars"
  },
  {
    "name": "ringmaster",
    "localized_name": "Ringmaster"
  },
  {
    "name": "dawnbreaker",
    "localized_name": "Dawnbreaker"
  },
  {
    "name": "marci",
    "localized_name": "Marci"
  },
  {
    "name": "primal_beast",
    "localized_name": "Primal Beast"
  },
  {
    "name": "muerta",
    "localized_name": "Muerta"
  },
  {
    "name": "kez",
    "localized_name": "Kez"
  }
]