{
  "earth_spirit": {
    "localized_name": "Earth Spirit",
    "roles": [
      "Nuker",
      "Escape",
      "Disabler",
      "Initiator",
      "Durable"
    ],
    "winrate": 0.662,
    "pick_rate": 0.065,
    "ban_rate": 0.062
  },
  "broodmother": {
    "localized_name": "Broodmother",
    "roles": [
      "Carry",
      "Pusher",
      "Escape",
      "Nuker"
    ],
    "winrate": 0.625,
    "pick_rate": 0.032,
    "ban_rate": 0.085
  },
  "alchemist": {
    "localized_name": "Alchemist",
    "roles": [
      "Carry",
      "Support",
      "Durable",
      "Disabler",
      "Initiator",
      "Nuker"
    ],
    "winrate": 0.615,
    "pick_rate": 0.078,
    "ban_rate": 0.085
  },
  "venomancer": {
    "localized_name": "Venomancer",
    "roles": [
      "Support",
      "Nuker",
      "Initiator",
      "Pusher",
      "Disabler"
    ],
    "winrate": 0.61,
    "pick_rate": 0.154,
    "ban_rate": 0.23
  },
  "marci": {
    "localized_name": "Marci",
    "roles": [
      "Support",
      "Carry",
      "Initiator",
      "Disabler",
      "Escape"
    ],
    "winrate": 0.596,
    "pick_rate": 0.188,
    "ban_rate": 0.167
  },
  "furion": {
    "localized_name": "Nature's Prophet",
    "roles": [
      "Carry",
      "Pusher",
      "Escape",
      "Nuker"
    ],
    "winrate": 0.588,
    "pick_rate": 0.434,
    "ban_rate": 0.745
  },
  "pugna": {
    "localized_name": "Pugna",
    "roles": [
      "Nuker",
      "Pusher"
    ],
    "winrate": 0.584,
    "pick_rate": 0.154,
    "ban_rate": 0.055
  },
  "luna": {
    "localized_name": "Luna",
    "roles": [
      "Carry",
      "Nuker",
      "Pusher"
    ],
    "winrate": 0.584,
    "pick_rate": 0.113,
    "ban_rate": 0.048
  },
  "antimage": {
    "localized_name": "Anti-Mage",
    "roles": [
      "Carry",
      "Escape",
      "Nuker"
    ],
    "winrate": 0.576,
    "pick_rate": 0.184,
    "ban_rate": 0.516
  },
  "lycan": {
    "localized_name": "Lycan",
    "roles": [
      "Carry",
      "Pusher",
      "Durable",
      "Escape"
    ],
    "winrate": 0.574,
    "pick_rate": 0.054,
    "ban_rate": 0.068
  },
  "lone_druid": {
    "localized_name": "Lone Druid",
    "roles": [
      "Carry",
      "Pusher",
      "Durable"
    ],
    "winrate": 0.561,
    "pick_rate": 0.041,
    "ban_rate": 0.074
  },
  "enchantress": {
    "localized_name": "Enchantress",
    "roles": [
      "Support",
      "Pusher",
      "Durable",
      "Disabler"
    ],
    "winrate": 0.56,
    "pick_rate": 0.05,
    "ban_rate": 0.061
  },
  "batrider": {
    "localized_name": "Batrider",
    "roles": [
      "Initiator",
      "Disabler",
      "Escape"
    ],
    "winrate": 0.56,
    "pick_rate": 0.243,
    "ban_rate": 0.544
  },
  "keeper_of_the_light": {
    "localized_name": "Keeper of the Light",
    "roles": [
      "Support",
      "Nuker",
      "Disabler"
    ],
    "winrate": 0.556,
    "pick_rate": 0.063,
    "ban_rate": 0.07
  },
  "night_stalker": {
    "localized_name": "Night Stalker",
    "roles": [
      "Carry",
      "Initiator",
      "Durable",
      "Disabler",
      "Nuker"
    ],
    "winrate": 0.555,
    "pick_rate": 0.2,
    "ban_rate": 0.406
  },
  "riki": {
    "localized_name": "Riki",
    "roles": [
      "Carry",
      "Escape",
      "Disabler"
    ],
    "winrate": 0.554,
    "pick_rate": 0.092,
    "ban_rate": 0.092
  },
  "pangolier": {
    "localized_name": "Pangolier",
    "roles": [
      "Carry",
      "Nuker",
      "Disabler",
      "Durable",
      "Escape",
      "Initiator"
    ],
    "winrate": 0.554,
    "pick_rate": 0.222,
    "ban_rate": 0.36
  },
  "muerta": {
    "localized_name": "Muerta",
    "roles": [
      "Carry",
      "Nuker",
      "Disabler"
    ],
    "winrate": 0.553,
    "pick_rate": 0.152,
    "ban_rate": 0.116
  },
  "enigma": {
    "localized_name": "Enigma",
    "roles": [
      "Disabler",
      "Initiator",
      "Pusher"
    ],
    "winrate": 0.55,
    "pick_rate": 0.08,
    "ban_rate": 0.128
  },
  "faceless_void": {
    "localized_name": "Faceless Void",
    "roles": [
      "Carry",
      "Initiator",
      "Disabler",
      "Escape",
      "Durable"
    ],
    "winrate": 0.55,
    "pick_rate": 0.1,
    "ban_rate": 0.116
  },
  "omniknight": {
    "localized_name": "Omniknight",
    "roles": [
      "Support",
      "Durable",
      "Nuker"
    ],
    "winrate": 0.548,
    "pick_rate": 0.084,
    "ban_rate": 0.091
  },
  "slark": {
    "localized_name": "Slark",
    "roles": [
      "Carry",
      "Escape",
      "Disabler",
      "Nuker"
    ],
    "winrate": 0.542,
    "pick_rate": 0.142,
    "ban_rate": 0.422
  },
  "pudge": {
    "localized_name": "Pudge",
    "roles": [
      "Disabler",
      "Initiator",
      "Durable",
      "Nuker"
    ],
    "winrate": 0.541,
    "pick_rate": 0.495,
    "ban_rate": 0.324
  },
  "undying": {
    "localized_name": "Undying",
    "roles": [
      "Support",
      "Durable",
      "Disabler",
      "Nuker"
    ],
    "winrate": 0.541,
    "pick_rate": 0.501,
    "ban_rate": 0.89
  },
  "snapfire": {
    "localized_name": "Snapfire",
    "roles": [
      "Support",
      "Nuker",
      "Disabler",
      "Escape"
    ],
    "winrate": 0.541,
    "pick_rate": 0.205,
    "ban_rate": 0.186
  },
  "morphling": {
    "localized_name": "Morphling",
    "roles": [
      "Carry",
      "Escape",
      "Durable",
      "Nuker",
      "Disabler"
    ],
    "winrate": 0.54,
    "pick_rate": 0.163,
    "ban_rate": 0.418
  },
  "legion_commander": {
    "localized_name": "Legion Commander",
    "roles": [
      "Carry",
      "Disabler",
      "Initiator",
      "Durable",
      "Nuker"
    ],
    "winrate": 0.54,
    "pick_rate": 0.274,
    "ban_rate": 0.222
  },
  "lich": {
    "localized_name": "Lich",
    "roles": [
      "Support",
      "Nuker"
    ],
    "winrate": 0.539,
    "pick_rate": 0.317,
    "ban_rate": 0.162
  },
  "juggernaut": {
    "localized_name": "Juggernaut",
    "roles": [
      "Carry",
      "Pusher",
      "Escape"
    ],
    "winrate": 0.536,
    "pick_rate": 0.222,
    "ban_rate": 0.19
  },
  "nyx_assassin": {
    "localized_name": "Nyx Assassin",
    "roles": [
      "Disabler",
      "Nuker",
      "Initiator",
      "Escape"
    ],
    "winrate": 0.535,
    "pick_rate": 0.099,
    "ban_rate": 0.139
  },
  "monkey_king": {
    "localized_name": "Monkey King",
    "roles": [
      "Carry",
      "Escape",
      "Disabler",
      "Initiator"
    ],
    "winrate": 0.535,
    "pick_rate": 0.215,
    "ban_rate": 0.388
  },
  "void_spirit": {
    "localized_name": "Void Spirit",
    "roles": [
      "Carry",
      "Escape",
      "Nuker",
      "Disabler"
    ],
    "winrate": 0.535,
    "pick_rate": 0.187,
    "ban_rate": 0.268
  },
  "skeleton_king": {
    "localized_name": "Wraith King",
    "roles": [
      "Carry",
      "Support",
      "Durable",
      "Disabler",
      "Initiator"
    ],
    "winrate": 0.531,
    "pick_rate": 0.256,
    "ban_rate": 0.262
  },
  "clinkz": {
    "localized_name": "Clinkz",
    "roles": [
      "Carry",
      "Escape",
      "Pusher"
    ],
    "winrate": 0.531,
    "pick_rate": 0.064,
    "ban_rate": 0.048
  },
  "treant": {
    "localized_name": "Treant Protector",
    "roles": [
      "Support",
      "Initiator",
      "Durable",
      "Disabler",
      "Escape"
    ],
    "winrate": 0.529,
    "pick_rate": 0.034,
    "ban_rate": 0.013
  },
  "shadow_shaman": {
    "localized_name": "Shadow Shaman",
    "roles": [
      "Support",
      "Pusher",
      "Disabler",
      "Nuker",
      "Initiator"
    ],
    "winrate": 0.528,
    "pick_rate": 0.689,
    "ban_rate": 1.128
  },
  "death_prophet": {
    "localized_name": "Death Prophet",
    "roles": [
      "Carry",
      "Pusher",
      "Nuker",
      "Disabler"
    ],
    "winrate": 0.528,
    "pick_rate": 0.335,
    "ban_rate": 0.86
  },
  "bane": {
    "localized_name": "Bane",
    "roles": [
      "Support",
      "Disabler",
      "Nuker",
      "Durable"
    ],
    "winrate": 0.526,
    "pick_rate": 0.114,
    "ban_rate": 0.088
  },
  "witch_doctor": {
    "localized_name": "Witch Doctor",
    "roles": [
      "Support",
      "Nuker",
      "Disabler"
    ],
    "winrate": 0.525,
    "pick_rate": 0.324,
    "ban_rate": 0.21
  },
  "skywrath_mage": {
    "localized_name": "Skywrath Mage",
    "roles": [
      "Support",
      "Nuker",
      "Disabler"
    ],
    "winrate": 0.525,
    "pick_rate": 0.158,
    "ban_rate": 0.095
  },
  "medusa": {
    "localized_name": "Medusa",
    "roles": [
      "Carry",
      "Disabler",
      "Durable"
    ],
    "winrate": 0.523,
    "pick_rate": 0.235,
    "ban_rate": 0.565
  },
  "phoenix": {
    "localized_name": "Phoenix",
    "roles": [
      "Support",
      "Nuker",
      "Initiator",
      "Escape",
      "Disabler"
    ],
    "winrate": 0.522,
    "pick_rate": 0.209,
    "ban_rate": 0.145
  },
  "puck": {
    "localized_name": "Puck",
    "roles": [
      "Initiator",
      "Disabler",
      "Escape",
      "Nuker"
    ],
    "winrate": 0.519,
    "pick_rate": 0.347,
    "ban_rate": 0.947
  },
  "dark_seer": {
    "localized_name": "Dark Seer",
    "roles": [
      "Initiator",
      "Escape",
      "Disabler"
    ],
    "winrate": 0.519,
    "pick_rate": 0.154,
    "ban_rate": 0.174
  },
  "templar_assassin": {
    "localized_name": "Templar Assassin",
    "roles": [
      "Carry",
      "Escape"
    ],
    "winrate": 0.517,
    "pick_rate": 0.271,
    "ban_rate": 0.571
  },
  "viper": {
    "localized_name": "Viper",
    "roles": [
      "Carry",
      "Durable",
      "Initiator",
      "Disabler"
    ],
    "winrate": 0.517,
    "pick_rate": 0.176,
    "ban_rate": 0.241
  },
  "winter_wyvern": {
    "localized_name": "Winter Wyvern",
    "roles": [
      "Support",
      "Disabler",
      "Nuker"
    ],
    "winrate": 0.516,
    "pick_rate": 0.062,
    "ban_rate": 0.057
  },
  "naga_siren": {
    "localized_name": "Naga Siren",
    "roles": [
      "Carry",
      "Support",
      "Pusher",
      "Disabler",
      "Initiator",
      "Escape"
    ],
    "winrate": 0.515,
    "pick_rate": 0.101,
    "ban_rate": 0.185
  },
  "terrorblade": {
    "localized_name": "Terrorblade",
    "roles": [
      "Carry",
      "Pusher",
      "Nuker"
    ],
    "winrate": 0.515,
    "pick_rate": 0.262,
    "ban_rate": 0.446
  },
  "rattletrap": {
    "localized_name": "Clockwerk",
    "roles": [
      "Initiator",
      "Disabler",
      "Durable",
      "Nuker"
    ],
    "winrate": 0.513,
    "pick_rate": 0.312,
    "ban_rate": 0.271
  },
  "leshrac": {
    "localized_name": "Leshrac",
    "roles": [
      "Carry",
      "Support",
      "Nuker",
      "Pusher",
      "Disabler"
    ],
    "winrate": 0.513,
    "pick_rate": 0.156,
    "ban_rate": 0.173
  },
  "bloodseeker": {
    "localized_name": "Bloodseeker",
    "roles": [
      "Carry",
      "Disabler",
      "Nuker",
      "Initiator"
    ],
    "winrate": 0.512,
    "pick_rate": 0.041,
    "ban_rate": 0.059
  },
  "storm_spirit": {
    "localized_name": "Storm Spirit",
    "roles": [
      "Carry",
      "Escape",
      "Nuker",
      "Initiator",
      "Disabler"
    ],
    "winrate": 0.512,
    "pick_rate": 0.285,
    "ban_rate": 0.49
  },
  "dazzle": {
    "localized_name": "Dazzle",
    "roles": [
      "Support",
      "Nuker",
      "Disabler"
    ],
    "winrate": 0.512,
    "pick_rate": 0.084,
    "ban_rate": 0.143
  },
  "slardar": {
    "localized_name": "Slardar",
    "roles": [
      "Carry",
      "Durable",
      "Initiator",
      "Disabler",
      "Escape"
    ],
    "winrate": 0.511,
    "pick_rate": 0.18,
    "ban_rate": 0.076
  },
  "lina": {
    "localized_name": "Lina",
    "roles": [
      "Support",
      "Carry",
      "Nuker",
      "Disabler"
    ],
    "winrate": 0.51,
    "pick_rate": 0.29,
    "ban_rate": 0.388
  },
  "silencer": {
    "localized_name": "Silencer",
    "roles": [
      "Carry",
      "Support",
      "Disabler",
      "Initiator",
      "Nuker"
    ],
    "winrate": 0.51,
    "pick_rate": 0.292,
    "ban_rate": 0.831
  },
  "dawnbreaker": {
    "localized_name": "Dawnbreaker",
    "roles": [
      "Carry",
      "Durable"
    ],
    "winrate": 0.51,
    "pick_rate": 0.463,
    "ban_rate": 0.502
  },
  "vengefulspirit": {
    "localized_name": "Vengeful Spirit",
    "roles": [
      "Support",
      "Initiator",
      "Disabler",
      "Nuker",
      "Escape"
    ],
    "winrate": 0.509,
    "pick_rate": 0.434,
    "ban_rate": 0.435
  },
  "spectre": {
    "localized_name": "Spectre",
    "roles": [
      "Carry",
      "Durable",
      "Escape"
    ],
    "winrate": 0.508,
    "pick_rate": 0.118,
    "ban_rate": 0.268
  },
  "beastmaster": {
    "localized_name": "Beastmaster",
    "roles": [
      "Initiator",
      "Disabler",
      "Durable",
      "Nuker"
    ],
    "winrate": 0.503,
    "pick_rate": 0.161,
    "ban_rate": 0.387
  },
  "axe": {
    "localized_name": "Axe",
    "roles": [
      "Initiator",
      "Durable",
      "Disabler",
      "Carry"
    ],
    "winrate": 0.5,
    "pick_rate": 0.598,
    "ban_rate": 0.709
  },
  "kunkka": {
    "localized_name": "Kunkka",
    "roles": [
      "Carry",
      "Support",
      "Disabler",
      "Initiator",
      "Durable",
      "Nuker"
    ],
    "winrate": 0.5,
    "pick_rate": 0.3,
    "ban_rate": 0.42
  },
  "shredder": {
    "localized_name": "Timbersaw",
    "roles": [
      "Nuker",
      "Durable",
      "Escape"
    ],
    "winrate": 0.5,
    "pick_rate": 0.22,
    "ban_rate": 0.266
  },
  "abyssal_underlord": {
    "localized_name": "Underlord",
    "roles": [
      "Support",
      "Nuker",
      "Disabler",
      "Durable",
      "Escape"
    ],
    "winrate": 0.5,
    "pick_rate": 0.108,
    "ban_rate": 0.075
  },
  "arc_warden": {
    "localized_name": "Arc Warden",
    "roles": [
      "Carry",
      "Escape",
      "Nuker"
    ],
    "winrate": 0.5,
    "pick_rate": 0.064,
    "ban_rate": 0.113
  },
  "kez": {
    "localized_name": "Kez",
    "roles": [
      "Carry",
      "Escape",
      "Disabler"
    ],
    "winrate": 0.5,
    "pick_rate": 0.008,
    "ban_rate": 0.004
  },
  "nevermore": {
    "localized_name": "Shadow Fiend",
    "roles": [
      "Carry",
      "Nuker"
    ],
    "winrate": 0.498,
    "pick_rate": 0.498,
    "ban_rate": 0.355
  },
  "disruptor": {
    "localized_name": "Disruptor",
    "roles": [
      "Support",
      "Disabler",
      "Nuker",
      "Initiator"
    ],
    "winrate": 0.498,
    "pick_rate": 0.329,
    "ban_rate": 0.233
  },
  "magnataur": {
    "localized_name": "Magnus",
    "roles": [
      "Initiator",
      "Disabler",
      "Nuker",
      "Escape"
    ],
    "winrate": 0.498,
    "pick_rate": 0.323,
    "ban_rate": 0.303
  },
  "invoker": {
    "localized_name": "Invoker",
    "roles": [
      "Carry",
      "Nuker",
      "Disabler",
      "Escape",
      "Pusher"
    ],
    "winrate": 0.491,
    "pick_rate": 0.224,
    "ban_rate": 0.219
  },
  "windrunner": {
    "localized_name": "Windranger",
    "roles": [
      "Carry",
      "Support",
      "Disabler",
      "Escape",
      "Nuker"
    ],
    "winrate": 0.489,
    "pick_rate": 0.348,
    "ban_rate": 0.292
  },
  "ancient_apparition": {
    "localized_name": "Ancient Apparition",
    "roles": [
      "Support",
      "Disabler",
      "Nuker"
    ],
    "winrate": 0.489,
    "pick_rate": 0.237,
    "ban_rate": 0.557
  },
  "ursa": {
    "localized_name": "Ursa",
    "roles": [
      "Carry",
      "Durable",
      "Disabler"
    ],
    "winrate": 0.489,
    "pick_rate": 0.427,
    "ban_rate": 0.956
  },
  "sven": {
    "localized_name": "Sven",
    "roles": [
      "Carry",
      "Disabler",
      "Initiator",
      "Durable",
      "Nuker"
    ],
    "winrate": 0.488,
    "pick_rate": 0.299,
    "ban_rate": 0.283
  },
  "queenofpain": {
    "localized_name": "Queen of Pain",
    "roles": [
      "Carry",
      "Nuker",
      "Escape"
    ],
    "winrate": 0.488,
    "pick_rate": 0.666,
    "ban_rate": 0.927
  },
  "oracle": {
    "localized_name": "Oracle",
    "roles": [
      "Support",
      "Nuker",
      "Disabler",
      "Escape"
    ],
    "winrate": 0.487,
    "pick_rate": 0.156,
    "ban_rate": 0.277
  },
  "bounty_hunter": {
    "localized_name": "Bounty Hunter",
    "roles": [
      "Escape",
      "Nuker"
    ],
    "winrate": 0.486,
    "pick_rate": 0.072,
    "ban_rate": 0.027
  },
  "jakiro": {
    "localized_name": "Jakiro",
    "roles": [
      "Support",
      "Nuker",
      "Pusher",
      "Disabler"
    ],
    "winrate": 0.486,
    "pick_rate": 0.549,
    "ban_rate": 0.314
  },
  "spirit_breaker": {
    "localized_name": "Spirit Breaker",
    "roles": [
      "Carry",
      "Initiator",
      "Disabler",
      "Durable",
      "Escape"
    ],
    "winrate": 0.486,
    "pick_rate": 0.185,
    "ban_rate": 0.1
  },
  "centaur": {
    "localized_name": "Centaur Warrunner",
    "roles": [
      "Durable",
      "Initiator",
      "Disabler",
      "Nuker",
      "Escape"
    ],
    "winrate": 0.485,
    "pick_rate": 0.262,
    "ban_rate": 0.148
  },
  "warlock": {
    "localized_name": "Warlock",
    "roles": [
      "Support",
      "Initiator",
      "Disabler"
    ],
    "winrate": 0.484,
    "pick_rate": 0.258,
    "ban_rate": 0.153
  },
  "troll_warlord": {
    "localized_name": "Troll Warlord",
    "roles": [
      "Carry",
      "Pusher",
      "Disabler",
      "Durable"
    ],
    "winrate": 0.483,
    "pick_rate": 0.089,
    "ban_rate": 0.088
  },
  "brewmaster": {
    "localized_name": "Brewmaster",
    "roles": [
      "Carry",
      "Initiator",
      "Durable",
      "Disabler",
      "Nuker"
    ],
    "winrate": 0.481,
    "pick_rate": 0.077,
    "ban_rate": 0.141
  },
  "earthshaker": {
    "localized_name": "Earthshaker",
    "roles": [
      "Support",
      "Initiator",
      "Disabler",
      "Nuker"
    ],
    "winrate": 0.478,
    "pick_rate": 0.23,
    "ban_rate": 0.154
  },
  "ringmaster": {
    "localized_name": "Ring Master",
    "roles": [
      "Support",
      "Nuker",
      "Escape",
      "Disabler"
    ],
    "winrate": 0.478,
    "pick_rate": 0.201,
    "ban_rate": 0.171
  },
  "necrolyte": {
    "localized_name": "Necrophos",
    "roles": [
      "Carry",
      "Nuker",
      "Durable",
      "Disabler"
    ],
    "winrate": 0.477,
    "pick_rate": 0.176,
    "ban_rate": 0.266
  },
  "chen": {
    "localized_name": "Chen",
    "roles": [
      "Support",
      "Pusher"
    ],
    "winrate": 0.476,
    "pick_rate": 0.021,
    "ban_rate": 0.035
  },
  "dragon_knight": {
    "localized_name": "Dragon Knight",
    "roles": [
      "Carry",
      "Pusher",
      "Durable",
      "Disabler",
      "Initiator",
      "Nuker"
    ],
    "winrate": 0.473,
    "pick_rate": 0.224,
    "ban_rate": 0.144
  },
  "life_stealer": {
    "localized_name": "Lifestealer",
    "roles": [
      "Carry",
      "Durable",
      "Escape",
      "Disabler"
    ],
    "winrate": 0.472,
    "pick_rate": 0.25,
    "ban_rate": 0.423
  },
  "rubick": {
    "localized_name": "Rubick",
    "roles": [
      "Support",
      "Disabler",
      "Nuker"
    ],
    "winrate": 0.472,
    "pick_rate": 0.426,
    "ban_rate": 0.307
  },
  "crystal_maiden": {
    "localized_name": "Crystal Maiden",
    "roles": [
      "Support",
      "Disabler",
      "Nuker"
    ],
    "winrate": 0.469,
    "pick_rate": 0.175,
    "ban_rate": 0.034
  },
  "wisp": {
    "localized_name": "Io",
    "roles": [
      "Support",
      "Escape",
      "Nuker"
    ],
    "winrate": 0.469,
    "pick_rate": 0.049,
    "ban_rate": 0.087
  },
  "ember_spirit": {
    "localized_name": "Ember Spirit",
    "roles": [
      "Carry",
      "Escape",
      "Nuker",
      "Disabler",
      "Initiator"
    ],
    "winrate": 0.469,
    "pick_rate": 0.307,
    "ban_rate": 0.409
  },
  "hoodwink": {
    "localized_name": "Hoodwink",
    "roles": [
      "Support",
      "Nuker",
      "Escape",
      "Disabler"
    ],
    "winrate": 0.469,
    "pick_rate": 0.098,
    "ban_rate": 0.029
  },
  "chaos_knight": {
    "localized_name": "Chaos Knight",
    "roles": [
      "Carry",
      "Disabler",
      "Durable",
      "Pusher",
      "Initiator"
    ],
    "winrate": 0.468,
    "pick_rate": 0.109,
    "ban_rate": 0.027
  },
  "tiny": {
    "localized_name": "Tiny",
    "roles": [
      "Carry",
      "Nuker",
      "Pusher",
      "Initiator",
      "Durable",
      "Disabler"
    ],
    "winrate": 0.467,
    "pick_rate": 0.366,
    "ban_rate": 0.309
  },
  "gyrocopter": {
    "localized_name": "Gyrocopter",
    "roles": [
      "Carry",
      "Nuker",
      "Disabler"
    ],
    "winrate": 0.467,
    "pick_rate": 0.242,
    "ban_rate": 0.193
  },
  "razor": {
    "localized_name": "Razor",
    "roles": [
      "Carry",
      "Durable",
      "Nuker",
      "Pusher"
    ],
    "winrate": 0.465,
    "pick_rate": 0.157,
    "ban_rate": 0.136
  },
  "shadow_demon": {
    "localized_name": "Shadow Demon",
    "roles": [
      "Support",
      "Disabler",
      "Initiator",
      "Nuker"
    ],
    "winrate": 0.465,
    "pick_rate": 0.185,
    "ban_rate": 0.161
  },
  "sniper": {
    "localized_name": "Sniper",
    "roles": [
      "Carry",
      "Nuker"
    ],
    "winrate": 0.464,
    "pick_rate": 0.289,
    "ban_rate": 0.4
  },
  "mirana": {
    "localized_name": "Mirana",
    "roles": [
      "Carry",
      "Support",
      "Escape",
      "Nuker",
      "Disabler"
    ],
    "winrate": 0.463,
    "pick_rate": 0.067,
    "ban_rate": 0.027
  },
  "obsidian_destroyer": {
    "localized_name": "Outworld Devourer",
    "roles": [
      "Carry",
      "Nuker",
      "Disabler"
    ],
    "winrate": 0.462,
    "pick_rate": 0.182,
    "ban_rate": 0.699
  },
  "mars": {
    "localized_name": "Mars",
    "roles": [
      "Carry",
      "Initiator",
      "Disabler",
      "Durable"
    ],
    "winrate": 0.46,
    "pick_rate": 0.328,
    "ban_rate": 0.335
  },
  "lion": {
    "localized_name": "Lion",
    "roles": [
      "Support",
      "Disabler",
      "Nuker",
      "Initiator"
    ],
    "winrate": 0.457,
    "pick_rate": 0.46,
    "ban_rate": 0.224
  },
  "grimstroke": {
    "localized_name": "Grimstroke",
    "roles": [
      "Support",
      "Nuker",
      "Disabler",
      "Escape"
    ],
    "winrate": 0.457,
    "pick_rate": 0.081,
    "ban_rate": 0.044
  },
  "doom_bringer": {
    "localized_name": "Doom",
    "roles": [
      "Carry",
      "Disabler",
      "Initiator",
      "Durable",
      "Nuker"
    ],
    "winrate": 0.456,
    "pick_rate": 0.259,
    "ban_rate": 0.464
  },
  "tidehunter": {
    "localized_name": "Tidehunter",
    "roles": [
      "Initiator",
      "Durable",
      "Disabler",
      "Nuker",
      "Carry"
    ],
    "winrate": 0.454,
    "pick_rate": 0.196,
    "ban_rate": 0.155
  },
  "zuus": {
    "localized_name": "Zeus",
    "roles": [
      "Nuker",
      "Carry"
    ],
    "winrate": 0.448,
    "pick_rate": 0.203,
    "ban_rate": 0.142
  },
  "drow_ranger": {
    "localized_name": "Drow Ranger",
    "roles": [
      "Carry",
      "Disabler",
      "Pusher"
    ],
    "winrate": 0.446,
    "pick_rate": 0.213,
    "ban_rate": 0.32
  },
  "abaddon": {
    "localized_name": "Abaddon",
    "roles": [
      "Support",
      "Carry",
      "Durable"
    ],
    "winrate": 0.445,
    "pick_rate": 0.2,
    "ban_rate": 0.239
  },
  "visage": {
    "localized_name": "Visage",
    "roles": [
      "Support",
      "Nuker",
      "Durable",
      "Disabler",
      "Pusher"
    ],
    "winrate": 0.438,
    "pick_rate": 0.048,
    "ban_rate": 0.108
  },
  "weaver": {
    "localized_name": "Weaver",
    "roles": [
      "Carry",
      "Escape"
    ],
    "winrate": 0.437,
    "pick_rate": 0.245,
    "ban_rate": 0.222
  },
  "primal_beast": {
    "localized_name": "Primal Beast",
    "roles": [
      "Initiator",
      "Durable",
      "Disabler"
    ],
    "winrate": 0.435,
    "pick_rate": 0.062,
    "ban_rate": 0.034
  },
  "tinker": {
    "localized_name": "Tinker",
    "roles": [
      "Carry",
      "Nuker",
      "Pusher"
    ],
    "winrate": 0.434,
    "pick_rate": 0.145,
    "ban_rate": 0.461
  },
  "huskar": {
    "localized_name": "Huskar",
    "roles": [
      "Carry",
      "Durable",
      "Initiator"
    ],
    "winrate": 0.434,
    "pick_rate": 0.175,
    "ban_rate": 0.536
  },
  "tusk": {
    "localized_name": "Tusk",
    "roles": [
      "Initiator",
      "Disabler",
      "Nuker"
    ],
    "winrate": 0.434,
    "pick_rate": 0.364,
    "ban_rate": 0.2
  },
  "ogre_magi": {
    "localized_name": "Ogre Magi",
    "roles": [
      "Support",
      "Nuker",
      "Disabler",
      "Durable",
      "Initiator"
    ],
    "winrate": 0.433,
    "pick_rate": 0.261,
    "ban_rate": 0.051
  },
  "dark_willow": {
    "localized_name": "Dark Willow",
    "roles": [
      "Support",
      "Nuker",
      "Disabler",
      "Escape"
    ],
    "winrate": 0.43,
    "pick_rate": 0.414,
    "ban_rate": 0.307
  },
  "elder_titan": {
    "localized_name": "Elder Titan",
    "roles": [
      "Initiator",
      "Disabler",
      "Nuker",
      "Durable"
    ],
    "winrate": 0.419,
    "pick_rate": 0.031,
    "ban_rate": 0.042
  },
  "phantom_lancer": {
    "localized_name": "Phantom Lancer",
    "roles": [
      "Carry",
      "Escape",
      "Pusher",
      "Nuker"
    ],
    "winrate": 0.39,
    "pick_rate": 0.1,
    "ban_rate": 0.089
  },
  "bristleback": {
    "localized_name": "Bristleback",
    "roles": [
      "Carry",
      "Durable",
      "Initiator",
      "Nuker"
    ],
    "winrate": 0.389,
    "pick_rate": 0.175,
    "ban_rate": 0.346
  },
  "sand_king": {
    "localized_name": "Sand King",
    "roles": [
      "Initiator",
      "Disabler",
      "Support",
      "Nuker",
      "Escape"
    ],
    "winrate": 0.388,
    "pick_rate": 0.08,
    "ban_rate": 0.092
  },
  "phantom_assassin": {
    "localized_name": "Phantom Assassin",
    "roles": [
      "Carry",
      "Escape"
    ],
    "winrate": 0.387,
    "pick_rate": 0.119,
    "ban_rate": 0.091
  },
  "techies": {
    "localized_name": "Techies",
    "roles": [
      "Nuker",
      "Disabler"
    ],
    "winrate": 0.381,
    "pick_rate": 0.084,
    "ban_rate": 0.165
  },
  "meepo": {
    "localized_name": "Meepo",
    "roles": [
      "Carry",
      "Escape",
      "Nuker",
      "Disabler",
      "Initiator",
      "Pusher"
    ],
    "winrate": 0.375,
    "pick_rate": 0.032,
    "ban_rate": 0.111
  },
  "_last_updated": "2025-06-30T18:28:36.493011"
}